instance;mean_sum;mean_sum_abs;mean_sum2;rms_sum;rms_sum_abs;rms_sum2;std_sum;std_sum_abs;std_sum2;kurtosis_sum;kurtosis_sum_abs;kurtosis_sum2;skew_sum;skew_sum_abs;skew_sum2;min_sum;min_sum2;max_sum2;intensidade;cont;intensidade_quad;cont_quad;std_phase0;std_phase1;std_phase2;kurtosis_phase0;kurtosis_phase1;kurtosis_phase2;skew_phase0;skew_phase1;skew_phase2;target
instance-1.csv;-1.1979460025675;2.40257699677875;550.584466769417;3.04522879406901;3.04522879406901;562.103863755675;2.79970423137151;1.87110720771862;113.214392200352;0.837231281544257;3.55010824876968;-0.153196922644492;0.017198375211942;1.09025860585825;0.151668779616635;-46;5;2789;0.000674999156251;0.008374989531263;0.365053293683383;1.14212357234553;13.8707156820811;13.0371263056113;13.6842738794547;-1.43337582952268;-1.42256026685714;-1.42643568097113;0.003590808512991;0.006951718670025;0.005426946992035;0
instance-2.csv;-1.20897473878158;2.10588611764235;538.884032644959;2.70640020954909;2.70640020954909;543.17908099158;2.42135957165296;1.69995463285601;68.1726733168359;7.27778237609913;24.1806705287008;273.107286890317;0.113649092501143;1.82428925484522;4.17810692025435;-70;50;7694;0.001936247579691;0.016749979062526;0.159256050929936;0.033374958281302;13.6736221704626;12.9383650729747;13.5457696282555;-1.47434404988898;-1.4783367690581;-1.46602894079888;-0.001616960701144;-0.000687655697225;0.001974347403715;1
instance-3.csv;-2.22548096814879;3.39100951123811;641.478559401801;4.21302641375657;4.21302641375657;649.55250332108;3.5772651597859;2.50012920820169;102.096583676792;-0.154799916618567;0.39859074351637;3.55704062436186;0.008912813482331;0.805943704309191;0.309739625183983;-36;9;3765;0.000286249642188;0.004499994375007;2.15679605400493;6.57524178094777;14.0642040844247;14.7744178251127;14.8156611883952;-1.45481195747562;-1.46606151764126;-1.47336477963185;-0.000500699615144;0.002575884968749;0.001392199398265;0
instance-4.csv;-1.44815068981164;3.83670520411849;728.220767224041;5.01081441630735;5.01081441630735;848.739138920106;4.79699079572514;3.22303495037886;435.950272529416;24.8449832424849;104.102192803512;3974.36301739699;-0.027310933115688;4.60105036208659;56.0299781480194;-167;10;45509;0.033513708107865;0.28799964000045;24.6324454594432;25.9953425058219;15.704615505466;15.0970582002014;15.8309118836258;-0.723167937426552;-1.3815445251299;-0.793371472424349;0.000311359539017;0.003772426344684;-0.014944722284487;0
instance-5.csv;-1.19437850702687;1.86429266963416;541.205795992755;2.43479364417704;2.43479364417704;550.667118189071;2.12171630329721;1.5660884175784;101.63936953024;220.272369595273;718.699985835697;35040.6456547244;-1.3207135972307;7.71309113288165;123.63744266707;-232;29;37385;0.002837496453129;0.015499980625024;0.392988258764676;0.03812495234381;13.7486994052749;12.9551835918027;13.5386741194215;-1.43057458807014;-1.46440609020366;-1.44260713419762;0.005724559725258;0.001075267199535;-0.0025467484839;0
instance-6.csv;-1.21628972963784;2.20746599066751;516.63384795769;2.79004507482596;2.79004507482596;521.735127389197;2.51097407655637;1.70629581831724;72.7805626266482;0.313089640720944;1.59495691503871;-0.122043667952332;0.004182605399943;0.95105233495267;0.42179572729693;-20;58;1513;7.37499078126152E-05;0.001249998437502;0.014182482271897;0.00612499234376;13.32696017696;12.6892670735969;13.3025357231109;-1.46662687656171;-1.46163404307407;-1.46330249787844;0.002647070543239;-0.000302427464561;0.003244512967772;0
instance-7.csv;-2.11229235963455;3.06911116361105;647.845797692753;3.84432686259099;3.84432686259099;656.642582131367;3.21201961604661;2.31503902598569;107.122841075047;7.06012421972861;21.9760355272803;2167.35796587237;0.01135575699523;1.67235688065067;20.5105484462061;-77;11;16427;0.004021244973444;0.030874961406298;2.85325143343571;5.48236814703982;14.0741028790988;14.8524183377535;14.9489966307006;-1.44242135588899;-1.46258898310599;-1.48071452160355;0.001281033028826;0.000598392965716;-0.000801738688065;0
instance-8.csv;-1.45324443344446;2.74687281640898;708.910102612372;3.46223970373518;3.46223970373518;715.106419840614;3.14248060977041;2.10755628551023;93.9343287162737;0.34160373736715;1.74489102615252;1.67900387905237;0.030573211914172;0.955835921380336;0.113814446123789;-16;266;1454;6.74999156251055E-05;0.000499999375001;6.74449156938554;12.8544839318951;15.3633108910629;15.0521224501435;15.597719908066;-1.46856775486994;-1.46273266520948;-1.48628501367893;0.000470441480793;-0.000953201643694;0.000105584768662;0
instance-9.csv;-1.21442723196596;1.81140398574502;527.338084577394;2.33146187087778;2.33146187087778;536.451355708212;1.99019620982868;1.46783175322787;98.4611679568329;28.5699384883478;88.1279256401267;4841.08871921649;-0.062092686317115;2.5613706736917;26.0718460590628;-123;30;20181;0.001333748332815;0.010749986562517;0.176148529814338;0.037874952656309;13.5855962883052;12.765546684138;13.3722357580331;-1.4477094248664;-1.45410832529618;-1.43308400509655;-0.000250665323141;0.008397365414178;0.004218066352397;0
instance-10.csv;-1.21056098679877;1.87259265925918;529.439013201234;2.3890119015563;2.3890119015563;534.996475150505;2.05959218366609;1.4835007914613;76.9126759641645;4.2129466248981;13.0642850313407;0.000427543530847;0.106665033917661;1.15790710396007;0.354360539065154;-20;130;2354;0.000142499821875;0.001749997812503;0.01278998401252;0.008249989687513;13.6015378017827;12.8298801196613;13.3737386635031;-1.46861097635507;-1.46251496272044;-1.46651457387328;0.000748739847983;0.001134371931314;0.00489595418441;0
instance-11.csv;-2.12738734076582;3.33321833347708;646.114189857263;4.16235250111365;4.16235250111365;653.020586004104;3.57762511253993;2.49295685580383;94.7224335109479;0.671843395600668;2.72732064389466;0.881349103231896;0.052103065850813;0.921407664394303;0.345683199235926;-33;105;3198;0.000287499640625;0.004749994062507;2.26634466706917;5.88611764235295;14.105104240994;14.7484240471212;14.9688799141304;-1.46762909304657;-1.4654210493191;-1.48045408616331;-0.001410285478607;0.000281601135438;0.003345026281662;0
instance-12.csv;-2.25919592600509;3.29043713695358;691.797856502679;4.12074811463813;4.12074811463813;707.170531709678;3.44624415737128;2.48064275381411;146.648854945571;0.972646483843737;3.77884749535213;0.549012467632016;-0.037341900740527;0.946984050410957;0.113464568990715;-35;177;3470;0.000618749226563;0.008749989062514;19.9505763117796;20.3764745294068;14.9470622473086;15.1717346646611;15.2384366365036;-1.45604502164009;-1.40291394401612;-1.45791171423277;-0.002218631250638;0.023458415924093;0.017827002127169;0
instance-13.csv;-1.21948347564566;1.79790025262468;528.27175216031;2.31024313189561;2.31024313189561;534.563756657695;1.96216293439103;1.45078530806006;81.7763156510722;18.7818062809157;54.7508465921423;67.5782147057285;0.257218421503931;1.95125544971627;1.29070102787961;-57;29;6434;0.000666249167189;0.00624999218751;0.063741170323537;0.017124978593777;13.5879088888595;12.6911390866271;13.4725180337156;-1.45937053441151;-1.47011457115727;-1.4626258957828;0.001898341930704;0.009412696013701;0.005635457503376;0
instance-14.csv;-1.20757474053157;1.76370904536369;526.409463238171;2.28241259158833;2.28241259158833;529.019331718543;1.9367938672639;1.44870205409644;52.4836197802141;30.5484066427207;85.0999491302646;268.225026934921;0.377890343781586;2.65053971877869;4.21035736787056;-65;89;5681;0.001518748101565;0.015499980625024;0.099702375372031;0.028499964375045;13.5354603712833;12.7696414162135;13.3831815819421;-1.48324701554139;-1.49042930936144;-1.47934237226655;-0.001668293246079;0.002646924447404;0.00066337792658;0
instance-15.csv;-1.20440349449563;2.62791921510098;535.03146371067;3.33008050025894;3.33008050025894;541.024907356456;3.10464947468334;2.04535491714956;80.3074294177049;5.34685355793074;24.9866980594663;24.5107197036622;0.099169877891447;1.5157794788918;1.12635667461244;-62;114;5549;0.00154124807344;0.013874982656272;0.080262399672001;0.0639999200001;13.6207400140926;12.8904962085342;13.5026539312885;-1.45803330460821;-1.45693743184756;-1.44743674599855;0.000996618707873;-0.004332946320769;-0.003574065023696;0
instance-16.csv;-2.97904627619215;3.41740572824284;599.56956803804;4.14422743484521;4.14422743484521;611.363575547091;2.8809554519342;2.34434620316555;119.506295183146;7.6946082480167;14.0125092436522;6.03636653081734;0.186695742566506;0.958853493945979;0.064433443497631;-19;265;6350;0.000273749657813;0.008874988906264;1.58480676899154;3.43662070422412;14.4107290862644;13.1673586601543;14.6411463960353;-1.47038488931786;-1.38649713242193;-1.44374254426877;0.014638019200733;0.04228978391825;0.009012540845626;0
instance-17.csv;-1.21559598050502;2.02766746541567;534.78398402002;2.84629010701488;2.84629010701488;560.275492188188;2.57365378119723;1.99748141993501;167.076981006933;1972.94488596982;5274.32541294541;33101.3752264284;2.203498142152;37.7705389125796;137.010489484283;-383;12;48897;0.009626237967203;0.039374950781312;0.957218803476496;0.145624817968978;13.6893188740356;12.8153862363484;13.4955014263019;-1.37548288606678;-1.34749245195445;-1.37000870341969;0.001063360354707;0.004817695227994;0.006251853055265;0
instance-18.csv;-2.11698610376737;4.28665839167701;698.737185328518;5.35041825152769;5.35041825152769;704.731082494505;4.91379133691456;3.20180188321291;91.7182886509366;1.22515308155645;6.69849920992973;52.6760267629484;0.087156312012953;0.991219539101428;0.925937731864127;-23;362;8114;0.003877495153131;0.213124733594083;6.74128532339335;16.168104789869;14.8315637067099;15.0752758960096;15.6795613519081;-1.45066308261233;-1.46177348853635;-1.47857395399193;-0.000232934149787;0.000288198060474;0.00012229367495;0
instance-19.csv;-1.20081724897844;1.58222927221341;606.220673474158;2.03153047998421;2.03153047998421;615.749949002231;1.6386439593947;1.27423177689772;107.909660127296;134.044585173334;340.758623436141;46.6642879151664;1.32904175998854;3.69756896563917;0.680000501903848;-21;35;9077;0.000272499659375;0.002624996718754;0.58904426369467;2.64137169828538;14.3985147935846;13.7016613161021;14.4953368243082;-1.45431454099874;-1.44469962453262;-1.45808247940127;0.006733283302395;0.00386185095891;0.003640394229663;0
instance-20.csv;-2.24584594269257;3.07199241000949;639.046342442072;3.82514973044022;3.82514973044022;649.970848266382;3.09644093468263;2.27917377422851;118.667079712659;22.2735263694695;67.5634082770722;15639.710079615;0.293017027660978;1.88009174673691;72.4614652878776;-96;14;32361;0.001562498046877;0.009499988125015;2.13619482975646;5.35436830703962;14.0448898335078;14.6954331339811;14.8285288104362;-1.41863425245043;-1.46651259902275;-1.47108694889323;-0.003933558870054;0.004676527629772;0.000918101430778;0
instance-21.csv;-2.10598986751267;2.86046392442009;642.570651786685;3.5652947438945;3.5652947438945;650.020438135823;2.87682694800638;2.12816182371852;98.1301556949849;25.0977410894462;75.5883240764437;245.66314467229;0.271540228836684;1.89188552116771;3.46028005700164;-90;17;11165;0.00154124807344;0.01287498390627;2.34280707149116;5.43911820110225;14.0522163824059;14.7704640136897;14.8770906311462;-1.47831123550727;-1.46732931764225;-1.47962985359919;8.77551432043286E-05;0.000157855051836;0.003361348874508;0
instance-22.csv;-1.43762445296943;2.99673500408124;751.312319609601;3.78183432637674;3.78183432637674;760.431420845311;3.49792893072254;2.30691356306984;117.412708901802;11.7185691104276;57.0248388188769;116.512169728896;0.220394711155688;1.6159291425624;0.915886285074927;-18;248;12290;0.000242499696875;0.001624997968753;26.4055907430116;36.9804537744328;15.8994224595608;15.5369085327468;15.9403841741405;-1.45552520748064;-1.44982580710266;-1.47000204884794;0.001280992844528;-0.001342617121577;0.002411878566158;0
instance-23.csv;-1.21509973112534;5.08113739857825;537.476419404476;6.31015681084086;6.31015681084086;542.336795508336;6.192060369604;3.7416736514788;72.4451402538113;1.16153610115797;9.74188257495337;1270.45440372334;0.042899648944825;1.01192839950537;7.45607406692686;-36;101;13469;0.022464971918785;1.03274870906411;0.051937435078206;0.022374972031285;13.6822733634003;12.8277956911899;13.5899439267017;-1.40727479789969;-1.41067972629097;-1.41128458375439;0.002673825824887;0.000426932113077;0.002524223438304;0
instance-24.csv;-1.21272098409877;2.4943568820539;526.415546980566;3.37840283758359;3.37840283758359;551.183926190114;3.15323858084341;2.27854986294862;163.371944921705;1014.87128281093;3589.4191748871;41242.6776086227;0.300386448337637;30.5641453251319;175.028504289727;-353;14;48897;0.009213738482827;0.033124958593802;1.03909745112819;0.062249922187597;13.5455026652134;12.6987650024871;13.4390980383193;-1.36836471171627;-1.31573509780534;-1.40666254969349;0.005033882768621;0.004375598290361;0.006248952998116;0
instance-25.csv;-2.92517009353738;4.05063118671102;652.518253102184;5.04391286093235;5.04391286093235;664.903254675691;4.10906764029911;3.00556882102588;127.735145699224;10.9564244963296;33.5294941470469;259.213650169303;0.212829536321608;1.37894206188993;2.61282135808912;-24;341;15989;0.004739994075007;0.214999731250336;9.76117779852775;14.9087313640858;15.3520983256936;13.8365709624424;14.8682727567449;-1.44156071549809;-1.42520732308175;-1.42401287433623;-0.00202217239309;-0.001088001793677;0.000622992623188;0
instance-26.csv;-1.44227694715382;3.48056189929763;723.676214154732;4.62172906491992;4.62172906491992;781.923924509265;4.39092436250435;3.04073484780953;296.138077231963;69.5913507355598;267.242238803163;6037.84681620398;0.463211892366834;7.87159146097974;65.1446299860122;-164;13;34770;0.028132464834419;0.173249783437771;24.7703415370731;26.7984665019169;15.6023587111138;15.0617610141474;15.8249264736094;-0.990929279149635;-1.43300635818057;-1.21903238317629;0.038136975652737;-0.00497749942941;0.001144056758234;0
instance-27.csv;-1.43831820210225;2.7523865595168;794.237014703732;3.48474745436007;3.48474745436007;811.366927758111;3.1740676694378;2.13724894377334;165.84286518913;39.8625797297386;181.074863713522;169.815149973032;0.533697111678644;2.56720349944411;1.51380391054688;-17;259;18725;0.000282499646875;0.000499999375001;67.465794417757;50.696561629298;16.3657743531093;16.1189760413431;16.23561957305;-1.43484417260593;-1.42572367510678;-1.43722171173051;0.00168425104489;0.00086429858393;-0.000369117853756;0
instance-28.csv;-1.45567193041009;3.08225739717825;717.51615185481;4.60438239610683;4.60438239610683;946.104511746227;4.36822120325821;3.42053016170277;616.671970316498;229.26456074647;557.577498057443;2084.58975589514;0.420360734096861;14.4204072968569;41.2803523537178;-234;5;48642;0.076887403890745;0.44787444015695;31.9803975245031;17.8631026711217;15.5191929588289;14.9111653193552;15.8545338761802;0.160759570661295;-1.30737310626801;-0.100531773123299;0.026608530243429;-0.006866604463829;0.000781812682582;0
instance-29.csv;-2.2586996766254;3.51349310813361;769.939132576084;4.37574034491542;4.37574034491542;776.873008736248;3.74771654970501;2.60815447111902;103.563525581632;27.5742917446951;108.36964452048;2075.23233888316;0.410844336364571;1.93443184814693;10.6361466078983;-18;510;21677;0.000439999450001;0.011499985625018;30.2940158824801;36.029579963025;15.2802116585355;16.0820546332525;16.489741604263;-1.47655261012773;-1.47285242423616;-1.48114335460886;-0.002688976737525;-0.001405048249;0.001106493698572;0
instance-30.csv;-2.94724381594523;3.2934608831739;526.902946371317;4.0167162997264;4.0167162997264;551.869841724113;2.72905912758597;2.29937496800568;164.114616380816;290.280782663058;540.151342157193;15378.8055183037;-0.085896721456284;6.91455148617422;67.988323287604;-260;93;48897;0.005674992906259;0.039624950468812;1.34957956302555;2.43824695219131;13.4997102801276;12.4829854428864;13.5845588080689;-1.3551691030228;-1.33785204444684;-1.37274939900107;-0.002970422200524;0.001335886075977;0.001878408871909;0
instance-31.csv;-2.14478356902054;3.66861916422604;658.397475753155;4.58056192219531;4.58056192219531;665.937988957676;4.04740051948471;2.74276884752233;99.9308213659172;26.918636951338;117.842865964982;4304.1317701732;0.416697320791034;2.10583157087321;18.7255664656985;-51;2;24845;0.00310749611563;0.053374933281333;3.11901860122675;7.24011594985506;14.3038001835063;15.206091628919;14.7234722460203;-1.46079915495494;-1.4669361741938;-1.47506892659743;0.002892916797358;0.001930569938845;-0.000742748709702;0
instance-32.csv;-1.20572724284095;1.73314908356365;521.834523956845;2.23853355708808;2.23853355708808;527.655259249502;1.8860684775693;1.41676629701299;78.1588268872566;637.630883403113;1919.62000252556;15279.3330875779;4.19030122663814;10.792784820524;46.2790871409512;-51;115;26510;0.000594999256251;0.003999995000006;0.062406171992285;0.014374982031273;13.4076868833555;12.7083660695349;13.3983357580038;-1.46421887009757;-1.46482656591974;-1.47085116649399;0.005953250324831;0.000228970576141;0.005170668105055;0
instance-33.csv;-2.16114104857369;3.11220235974705;645.514291857135;3.88156153073091;3.88156153073091;653.164349677143;3.22428120439578;2.31963712438713;99.6743030943618;86.8915820361989;301.389751782669;7474.70594963333;0.98305116934738;3.37390021778263;28.661632337113;-55;10;28229;0.002129997337503;0.023124971093786;2.06330242087197;5.55824305219619;14.0011072854356;14.7675453560673;15.0211236994158;-1.4626649364776;-1.46889793823097;-1.48391745157908;-0.000257281794997;0.002816772423547;0.00051658211093;0
instance-34.csv;-2.21221223473471;3.42855321430848;714.087662390422;4.29128500347988;4.29128500347988;722.044385702764;3.67712442128103;2.58072661042317;106.896704096357;56.8719651398358;218.299515658643;7043.07319528363;0.683940192612263;2.72303370648939;26.0352653484335;-18;409;30002;0.000434999456251;0.00649999187501;13.1685547893065;20.8943488820639;14.8154400220872;15.6172271661396;15.6466357830116;-1.46585811327752;-1.46432356564357;-1.4791177457332;-0.000727378052262;0.002059820004907;0.001413225548107;0
instance-35.csv;-1.42524196844754;2.98020002474997;713.156419804475;3.77461798601181;3.77461798601181;721.839425224582;3.49520046230536;2.31649492829233;111.624713662425;77.7852196424324;381.379144090909;7547.80799761263;0.873604583853868;3.80327546617797;27.5327167951806;-18;292;31829;0.000434999456251;0.004749994062507;13.1968622539222;19.7794752756559;15.3587160828365;15.2062893574628;15.589698813323;-1.45432807797589;-1.44988928792854;-1.47532523717552;-0.000448995682137;0.000165756429616;-0.000440881318117;0
instance-36.csv;-1.20285599643;3.6616279229651;570.179624775469;4.6555316997665;4.6555316997665;576.815085276856;4.49745626542195;2.87514458093729;87.2401174566615;31.8437243434847;179.495695384851;26027.9290542839;0.453390670429983;2.64169136808796;68.9463446840711;-28;97;33710;0.002254997181254;0.105999867500166;0.272923408845739;0.712999108751114;13.9100019318458;13.5426162765828;13.8675147890753;-1.43818860538366;-1.44322582600394;-1.4342611385257;-0.007081592074616;0.004211581821357;0.014566523376545;0
instance-37.csv;-2.23544845568943;3.67841415198231;691.165037293703;4.59847119351403;4.59847119351403;702.760202632357;4.01854544823548;2.75956638696637;127.132976157508;56.1098610722488;235.828170439127;7141.53399572607;0.685081573642922;2.8300409494398;26.1710596973835;-18;386;35645;0.000622499221876;0.017999977500028;14.3290945886318;21.8822226472217;14.611678728353;15.2530472657051;15.4653415459537;-1.45945011939459;-1.40338933264206;-1.49432576451825;-0.026607686573164;-0.020621650960819;0.001115192506869;0
instance-38.csv;-2.19989100013625;4.4527056841179;647.14387232016;5.54075020869096;5.54075020869096;656.416486495423;5.08531144204841;3.29747251174791;109.942768118073;24.7135093972114;130.165819358035;21929.7909406053;0.392320227629935;2.22886793842381;77.3981781633331;-76;26;37634;0.010398737001579;0.437749452813184;1.9224675969155;5.19336850828937;14.1165006557003;14.7710483233921;14.9623801188754;-1.41341644382274;-1.44484965061772;-1.46554950971812;0.002402260877491;0.000435661277849;0.000739663133435;0
instance-39.csv;-1.21889972637534;1.89566638041702;529.651634185457;2.44616511510268;2.44616511510268;536.945854712267;2.12085059053848;1.54601835192921;88.2042929644637;888.290198459117;3033.72718279031;48500.507428862;5.45605406185927;14.5659219929892;109.401350373677;-28;158;39677;0.000481249398438;0.001124998593752;0.057177428528214;0.009999987500016;13.6220480077311;12.7906406778852;13.3953638119838;-1.46092486684431;-1.4567308229771;-1.45928675854517;0.003959705170535;0.001868674857531;0.000286448055877;0
instance-40.csv;-1.21361098298627;2.03680245399693;531.673192908509;2.61408329213334;2.61408329213334;543.253881338206;2.3152926035786;1.638556444436;111.57237799517;692.652016187804;2661.66448142407;23335.8466366286;4.51613043373937;13.2600133478407;63.0751330608593;-20;266;41774;0.000442499446876;0.000749999062501;0.052214934731332;0.001874997656253;13.4437282503155;12.9454746754459;13.501711728571;-1.43540822895792;-1.42817856219173;-1.43607347515915;0.0032312021301;0.003662479198406;0.003909211874605;0
instance-41.csv;-1.22009722487847;5.13963232545959;563.656319179601;6.32224456079719;6.32224456079719;571.051704538379;6.20339737953112;3.68170556204872;91.6056936281374;14.7606147526412;114.074422569203;62887.7384081552;0.244696346291842;1.95425663104698;135.014671073467;-136;9;43925;0.016179979775025;0.705874117657353;0.273705907867615;0.112999858750177;13.8683211644971;13.5166674596704;13.6962974241186;-1.38223975018105;-1.41856626692288;-1.40690816526618;0.003341354791688;-0.003535580445639;-0.003385113975921;0
instance-42.csv;-1.20837348953314;1.69804537744328;614.008384989519;2.25330283212952;2.25330283212952;632.418926972364;1.90189567618112;1.48122096576657;151.484000328216;1880.72236716817;4944.97806667989;10216.5582793714;9.59776044916385;22.5284301460462;34.7756026726816;-58;26;46130;0.003553745557818;0.032374959531301;4.66195417255728;9.32561334298332;14.8098046987746;13.648841749262;14.3987794551643;-1.41794177675497;-1.40864352875416;-1.41263061327254;0.001919694962727;0.005299769541719;0.003433193873934;0
instance-43.csv;-2.14905481368148;3.29276588404264;643.515283105896;4.13379863317459;4.13379863317459;652.31731659151;3.53126812171329;2.4991966654349;106.798698186291;173.753564738277;654.50422538148;50105.9045571831;1.56844377405037;5.26863622058434;114.2869976728;-56;9;48389;0.002786246517192;0.036249954687557;1.69669787912765;3.94399507000616;14.1017876874097;15.0377500086918;14.5888733994752;-1.46114868859588;-1.46603376845108;-1.47925872376266;0.000743050070161;0.00345125820436;0.002407693524569;0
instance-44.csv;-2.11308985863768;3.34802581496773;627.540225574718;4.19576071702022;4.19576071702022;637.367316351906;3.6248116149412;2.52885965146341;111.49152989919;171.29070597916;684.155809941557;50869.7938774792;1.6148513640653;5.32171987709427;113.632590887714;-44;62;50702;0.001058748676564;0.009624987968765;1.59851675185406;4.30349462063172;13.8955282652464;14.6034447307188;14.6797158419672;-1.45869832111681;-1.44634900556713;-1.47201150418538;0.00492769401994;0.006249950161365;0.004778865227345;0
instance-45.csv;-1.44387944515069;3.23293220883474;747.973753782808;4.48082538744312;4.48082538744312;900.150604292061;4.24181662741639;3.10257078659517;500.805724866857;209.179849318483;678.941952085987;3071.01197221674;0.60715699714064;12.308945544209;50.2364807026663;-219;5;53069;0.045041193698508;0.263999670000412;31.40259199676;30.3210870986411;15.9347632124443;15.2366613953852;16.0898739400114;-0.581567648229388;-1.40024362766882;-0.567092211345237;-0.001374377451957;-0.001019034920851;0.000476943084828;0
instance-46.csv;-1.41995072506159;3.28154339807075;767.216648479189;4.1259745782563;4.1259745782563;776.833802713974;3.87393935920715;2.50102761819926;121.857996600197;155.708041152546;857.415363638886;50834.1689626534;1.47895216586563;6.11858835888582;113.107410889355;-18;309;55490;0.000562499296876;0.005874992656259;27.4597919252601;39.2129509838113;16.1009038769286;15.650729626895;16.1260119506381;-1.45291081036549;-1.45384226999614;-1.46703153083719;0.00017200914911;0.00078367827401;-0.000129671212565;0
instance-47.csv;-2.12138234827206;3.38275827155216;813.132818583977;4.27384951393506;4.27384951393506;825.854419161209;3.71019225919663;2.61203678075336;144.397164064172;214.426610075278;823.209651874312;31254.5493376229;1.84048768815804;7.19585186523938;88.7608136721235;-95;17;57965;0.009419988225015;0.080499899375126;51.3030333712083;50.4980618774226;15.8217631285099;16.7519709180777;16.6348147658643;-1.44992335274826;-1.44117376178738;-1.48074630044697;0.00350781298514;0.000968327718529;0.004605541901878;0
instance-48.csv;-1.20386224517219;2.76466029417463;526.925035093706;3.48221461037753;3.48221461037753;534.473328316368;3.26749663922945;2.11718493536606;89.5083575599129;365.183913228891;1997.47396716807;251829.53332907;2.79429093896627;10.8204629015827;376.0846796489;-50;85;60494;0.001074998656252;0.007749990312512;0.113707357865803;0.014749981562523;13.5565151091239;12.7092005066621;13.4387274417208;-1.45093754215627;-1.44729178476737;-1.45409337161677;0.00060879038322;0.000913354576111;0.003947438676573;0
instance-49.csv;-2.93596883003896;3.99352500809374;11.3193158508552;4.96321007093013;4.96321007093013;72.3189229556603;4.00169229666923;2.94706841079608;71.4275836504029;179.031068017464;571.834897964653;759654.779325106;1.64077194394699;4.64619242442969;860.389343545712;-18;0;63077;0.000912498859376;0.030249962187547;0.077846152692309;0.00012499984375;1.33469523550792;1.49764929883691;1.73635184329757;169.149617318064;114.130997802465;64.7788679009759;1.57043461087567;1.16854394971489;0.769067545700866;0
instance-50.csv;-2.26020092474884;3.5749192813509;652.326863341421;4.51070929199357;4.51070929199357;666.102413224287;3.90358682452966;2.75071816962456;134.766792149855;214.064978399763;824.002524567413;67907.9509986234;1.83210532640153;6.11247235084439;141.116346921332;-58;30;65714;0.001987497515628;0.039249950937561;6.0903586370517;10.6451116936104;14.1303501546128;14.8944065810444;14.9929244518733;-1.44132140600288;-1.43890386171119;-1.44896958638128;0.00301417815718;0.002564546313478;0.003520634711918;0
instance-51.csv;-1.43173946032567;3.61979672525409;718.245765942793;4.60405362190351;4.60405362190351;734.051423870892;4.37577785897652;2.84506263924058;151.507467116757;151.889972783202;809.339156222063;49822.304371352;1.60211966936172;6.6747871734814;112.09926013358;-89;206;68405;0.004268744664069;0.072624909218864;20.5133406083242;27.0343412070735;15.6176132405383;14.4438926681017;16.2089745618108;-1.42952028657643;-1.42265485942158;-1.43446263739676;0.001284522150193;0.00540732209309;-0.00164173417827;0
instance-52.csv;-2.20310474611907;4.34219707225366;647.169343538321;5.43000949757421;5.43000949757421;662.116084087877;4.96299633501514;3.26041833657244;139.891206271314;95.9866244580853;487.884512746588;82494.4510852593;1.04599358376947;4.38470530655158;174.091851787243;-90;53;71150;0.005759992800009;0.231124711094111;4.89610262987171;8.86673891657635;14.0806823677782;14.8499023822725;14.9183580639233;-1.39561176258211;-1.42627659819125;-1.43658617416717;0.003825239902767;0.002351642587087;0.002580742117445;0
instance-53.csv;-1.22560221799723;2.16682854146432;572.884525144344;2.82231399620589;2.82231399620589;585.173455597811;2.54231302093584;1.80839994610574;119.294987264443;1518.9145542808;5761.18002998374;181948.711072928;7.7922567644;24.3675437607487;309.523308167649;-167;10;73949;0.002353747057816;0.013499983125021;0.35687330390837;0.241999697500378;14.0471347645444;13.3296320496299;14.0306134472321;-1.44188137981786;-1.43899069410041;-1.43141176151748;0.002965072085922;0.002425367588943;0.005132453361043;0
instance-54.csv;-2.9288438389452;3.86651016686229;537.202053497433;4.83082998343474;4.83082998343474;556.647125374301;3.84171733680718;2.8960347819739;145.842298067513;312.354995807732;913.817577049879;93468.1322080908;2.48946376660426;6.39989809960695;179.043764608214;-25;254;76802;0.003116246104692;0.130624836718954;1.12064984918769;2.10137237328453;13.462785378726;12.5100038357787;13.9709203139858;-1.40053262022021;-1.3699524785776;-1.39295200295588;0.002362069224908;0.002201148947629;0.002472076607052;0
instance-55.csv;-2.92619134226082;3.92629259213426;551.801032748709;4.92897855863291;4.92897855863291;568.133074856597;3.96638801177353;2.97977450697441;135.243524811614;301.63498519315;893.505059129228;146713.137991637;2.40116633943504;6.71129998191434;251.444839982429;-135;19;79709;0.00668499164376;0.203749745312818;0.713967857540178;1.19287350890811;13.6272924464075;12.6150939931294;14.2357059288853;-1.42277552217998;-1.39014381054692;-1.41683593536663;0.001033293476188;0.00133053312178;0.001123689821683;0
instance-56.csv;-2.25794717756603;2.98321377098279;646.347744565319;3.72303507554821;3.72303507554821;665.496588473873;2.96017984539519;2.22742581703206;158.493855924096;1019.04377178203;3048.72414928789;89661.7607497748;6.03741851274481;14.346685551786;173.245521911243;-13;269;82670;0.000603749245313;0.00012499984375;7.13153358558302;13.4272332159585;14.0663204453428;14.8725792633228;14.8781427927562;-1.427391835714;-1.43031958948217;-1.4313912304397;0.000692639986205;0.003157670551244;0.003975424207735;0
instance-57.csv;-2.27254715931605;4.23869970162537;659.23404845744;5.29985753481994;5.29985753481994;673.87885169303;4.78790343449742;3.18149567480904;139.725359593493;159.771625296682;780.015191046031;171461.723432145;1.50668409194682;5.74307365309348;282.833336436929;-58;26;85685;0.003114996106255;0.119124851093936;4.64207669740413;9.73623782970271;14.2680349976453;14.9257615068559;15.0656933097562;-1.42245498540359;-1.43107765152947;-1.43626814347068;0.001199982071871;0.001867103903281;0.00293990058045;0
instance-58.csv;-1.44049444938194;2.96473254408432;776.965367543291;3.77676262426964;3.77676262426964;789.439175764026;3.4912621874302;2.33972153516768;139.782079929096;603.029553984316;2889.95418910399;196144.693349424;4.08182642488757;14.0292750828648;311.54857733366;-17;286;88754;0.000651249185939;0.002249997187504;27.8132914833856;46.7615665480418;16.2169218694301;15.8222003411038;16.1465556177082;-1.45560539609068;-1.44266075209217;-1.46768827942536;0.004990197486323;0.00518902457909;0.001225553428771;0
instance-59.csv;-2.26922341347073;3.71944660069175;711.063772420285;4.65706282325108;4.65706282325108;728.977854801063;4.06679963109366;2.80249016489084;160.614520955588;352.999878482962;1496.848877157;129747.479434855;2.7220751592425;8.83396401650709;228.707986211493;-54;93;91877;0.001667497915628;0.019999975000031;17.7927852590184;25.752092809884;15.0759970561937;15.6741311841088;15.2348043308176;-1.4269875270662;-1.42784843164638;-1.444436169975;0.000746680372972;0.00245161807599;0.001112910495325;0
instance-60.csv;-1.21828722714097;4.73319033351208;531.922881346398;5.92118251910013;5.92118251910013;547.742092137806;5.79449554807682;3.55771158067159;130.688361377921;90.7311735759072;612.569987198622;342052.098276103;0.983187896031783;4.94458875727048;473.040581596751;-42;30;95054;0.012876233904708;0.590749261563423;0.165559793050259;0.077749902812622;13.6133632835725;12.7977712985739;13.4820223609029;-1.36849213832133;-1.35672853009981;-1.39037168294918;0.0038022752029;0.004228913256447;0.004601039246055;0
instance-61.csv;-1.43007446240692;4.01751622810472;763.488649389188;5.40573234840315;5.40573234840315;956.915086847128;5.21314005706194;3.61683640485542;576.863558989055;188.58632527431;764.700835007219;3289.81486431092;1.4805473187228;10.1782193038194;48.350621793919;-178;2;98285;0.06055242430947;0.495499380625774;42.0755674055407;31.5998355002056;16.0884446626241;15.5257593969514;16.1442898267819;-0.310910804581096;-1.35386116604872;-0.343355235298447;0.004934977392957;0.003532431941962;0.006711890106129;0
instance-62.csv;-2.21231473460658;5.51903810120237;736.612189234763;6.91072845670341;6.91072845670341;751.783674765642;6.54704752673546;4.15913287113633;150.270344096571;64.0036182129266;373.036833724992;253413.361863873;0.750036266285241;3.72352077582567;377.791465234824;-30;485;101570;0.063132421084474;2.28074714906606;18.0842961446298;28.2683396645754;15.1564376986541;15.6534919061847;16.0007581904203;-1.38983200280603;-1.40751603599853;-1.43777921695692;0.008117283690922;-0.002251499215873;0.002203851622853;0
instance-63.csv;-2.92116259854675;3.91174636031705;552.997312503359;4.91378429201007;4.91378429201007;578.974009233248;3.95121312273288;2.97380505093243;171.478499327708;519.2241606675;1541.14456030893;171449.364426671;3.61271406138064;9.09700395573289;281.938474294098;-75;171;104909;0.004194994756257;0.155499805625243;1.45163068546164;2.96324629594213;13.8873467516409;12.8123812705846;13.8460573945242;-1.38111796516812;-1.34857341540823;-1.35256080787934;0.003741360229218;0.001114341211483;0.002578154192439;0
instance-64.csv;-2.2087422390722;3.1821235223456;642.131634835457;4.015646254743;4.015646254743;662.956674274843;3.3536357232964;2.44938864449199;164.859077727325;1071.95627125879;3627.0340338016;231181.034490263;6.07377120622863;16.9788610177428;372.555254755336;-175;21;108302;0.002367497040629;0.012374984531269;1.52167934790082;3.96312004609994;14.0390604374375;14.7770566131181;14.8593623965586;-1.38444401239931;-1.43566791939695;-1.43899511374551;0.006431697388243;0.003949462426742;0.002963436819994;0
instance-65.csv;-2.94277757152804;3.66770666536667;589.981581273023;4.59225515286235;4.59225515286235;611.490038589073;3.52545990666499;2.76346434856969;160.753852371409;928.474775500475;2348.96223371869;285784.611383732;5.61693739996736;12.1176484853061;413.42191519698;-21;349;111749;0.002311247110941;0.096374879531401;1.49758187802265;3.34474581906773;14.1271579076755;12.763576517569;14.9390748323892;-1.41555658211882;-1.3729314930277;-1.42873975307204;0.002993648178302;0.004217128000045;0.000371822624496;0
instance-66.csv;-2.93355133306083;3.21535098081127;507.960212549734;3.90321386246666;3.90321386246666;530.104818345959;2.57475339255023;2.21282546224231;151.616426880568;3470.02515095415;6099.34533993062;410026.794188019;15.0847280097194;23.7108493988197;541.918224009515;-80;38;115250;0.001193748507814;0.007249990937511;0.204602244247195;0.17912477609403;13.3490183261345;12.2118341793942;13.2790488182528;-1.41254933852295;-1.38132077237829;-1.39381917457016;0.002670430658568;0.005837316489382;0.00446495557915;0
instance-67.csv;-1.1924997593753;2.49833312708359;555.866901416373;3.43706255154765;3.43706255154765;597.875594730807;3.2235606566561;2.36045134865517;220.152707647389;2303.64890688961;7795.17072126187;116213.947172912;6.96825911569542;43.47418657049;261.206214228589;-353;12;118805;0.009922487596891;0.036624954218807;1.15668105414868;0.134999831250211;13.8466990876014;13.2224291328507;13.7215939471227;-1.31458048589868;-1.27767163706914;-1.30727033927761;0.007134851026849;0.004642447758666;0.006368352021856;0
instance-68.csv;-1.19282600896749;3.26140092324885;693.80284774644;4.07581730879116;4.07581730879116;710.475436136478;3.89736485935975;2.44449396654464;153.012920409513;737.026167448949;4625.73040400314;500562.559483066;4.75379485408523;19.6992082461545;629.734682499952;-71;57;122414;0.003691245385943;0.032499959375051;2.68790289012139;6.53336683329146;15.3234631746;14.6559405708881;15.5941185054996;-1.42457936405969;-1.42880954221046;-1.43402855176103;0.00245278946833;0.004849493323309;0.008073202509296;1
instance-69.csv;-2.26035092456134;3.42181697272878;636.614265482168;4.33075285668954;4.33075285668954;659.26314134334;3.6940809416632;2.65454118650848;171.318902980633;974.695043175153;3523.21602260307;359415.880985227;5.82184930308734;16.1416555562611;492.643864672132;-64;22;126077;0.00177124778594;0.011374985781268;1.49266938416327;4.42536946828816;13.9816096211173;14.6864394515582;14.8164246872698;-1.39732684479192;-1.4215442115467;-1.43011303757642;0.006674693083678;0.005413229027445;0.003706772814794;0
instance-70.csv;-2.94031007461241;5.19016226229717;525.11275235906;6.41717537354444;6.41717537354444;553.911951747015;5.70392114601509;3.77390453851864;176.281160644239;181.830443377294;903.31589486723;361459.329900429;1.65918902003413;6.19836078980005;492.962587334082;-31;117;129794;0.011066236167205;0.597999252500934;0.238754701556623;0.292374634531707;13.6552808272646;12.4031038899606;13.4404790870942;-1.32918912803439;-1.29923018591439;-1.31972058319155;0.006764523397503;0.006165925556398;0.030538574812354;0
instance-71.csv;-1.42713446608192;3.64638419201976;719.874628906714;4.86114073151956;4.86114073151956;886.346179422472;4.64693193702679;3.21474284132135;517.097735861639;469.120969533216;1968.90104207155;8050.68500203349;3.10581143717344;14.5115606851679;65.6330593286891;-179;4;133565;0.03825495218131;0.292999633750458;24.071051161186;20.2328497089379;15.4726233209854;15.1124352025269;15.781125659897;-0.422258833405731;-1.34684367762391;-0.487471784025766;0.006163455657823;0.000116738939643;0.009006846655958;0
instance-72.csv;-2.98201502248122;3.42073947407566;511.807998990001;4.22144364812168;4.22144364812168;548.340588573378;2.98800483265393;2.47368711133148;196.799322272333;2746.66371347955;5615.29501178585;292623.628105424;12.4596475361661;23.349905259736;422.188386568139;-180;129;137390;0.003116246104692;0.024624969218789;0.915160106049867;1.67124791094011;13.338188102711;12.3142868481942;13.3396691416679;-1.33950751085847;-1.26432270493907;-1.31830418765574;0.002435356745128;0.002814041617888;0.008093922931627;0
instance-73.csv;-2.2327009591238;4.21307348365815;638.308473364408;5.37149143011974;5.37149143011974;675.403748437533;4.88548529943315;3.3321062415755;220.754425175735;418.59740707579;1854.49416240403;210071.559123468;3.00731054761141;11.7121719352313;354.727824377447;-226;5;141269;0.01455623180471;0.322124597344253;3.46107692365385;5.76161779797775;14.0145710365554;14.9155319712047;14.6141505834042;-1.32456471414681;-1.36821690346154;-1.3342941853699;0.002582622515931;0.002837340082821;0.008413007621092;0
instance-74.csv;-1.43904695119131;2.9366400791999;722.652905433868;3.77341601889646;3.77341601889646;749.106943376401;3.48823914374164;2.36955976858598;197.316980725742;1615.8069646425;7390.51111827317;359311.795057377;8.52642145572304;27.4638833923494;490.684470721152;-17;243;145202;0.000834998956251;0.002624996718754;16.5947980065025;28.485714392857;15.4953270587339;15.1933084405489;15.7688135626979;-1.406221959756;-1.39948031082204;-1.41965615561089;0.004584197989702;0.002698766797732;0.001850743124597;0
instance-75.csv;-2.96210629736713;3.28393339508326;518.299117126104;4.02918908802306;4.02918908802306;561.277777040096;2.73135332576035;2.33455481060117;215.403732988481;4628.55394718124;8346.73932522895;283710.198108829;18.7817644495992;31.222260831043;412.047956190512;-172;89;149189;0.003938745076569;0.026624966718792;1.33787582765522;2.38374702031622;13.4018828922112;12.4048161929474;13.4316312453031;-1.31785228441105;-1.23250425733234;-1.29357436107892;0.004765297408351;0.006098486062402;0.010233553233698;0
instance-76.csv;-1.20968723789095;3.91553635557956;536.203040996199;4.94945129571601;4.94945129571601;577.96809154992;4.7993463008152;3.02748132559057;215.716048722123;501.115176796614;3072.23347598321;313806.396813175;3.544934546127;14.5929922601117;443.426050938542;-35;83;153230;0.002221247223441;0.075124906093867;3.14215482230647;4.52499434375707;13.6664988414639;12.90941759234;13.4807514463007;-1.3033659620957;-1.22880396477759;-1.28021774723975;-0.009400176411146;0.035457388571654;0.036153361321084;0
instance-77.csv;-2.20382599521751;5.29677712902859;728.356900803874;6.70608213009489;6.70608213009489;757.830856965616;6.33361575392616;4.11286877750528;209.2936521269;175.625827467648;946.332089484588;392691.353556554;1.55563755298013;6.69859480641573;531.222697211027;-130;17;157325;0.055056181179774;1.99224750969061;16.5739517825603;24.5224693469133;15.1342843653039;15.348584189865;16.0609399103567;-1.3326547334449;-1.37724182918014;-1.41103527477675;-0.002849498027117;0.003505718163197;0.006972746753294;1
instance-78.csv;-1.20111849860188;2.36670204162245;574.010299987125;3.11006517767204;3.11006517767204;609.701051908461;2.86876624382061;2.01772814213124;205.542083785717;4409.20474034876;17643.999795268;471590.281809961;17.9793272031804;54.0979138208442;614.689767163804;-158;104;161474;0.003111246110942;0.013374983281271;0.562325547093066;0.143999820000225;14.2621329198755;13.2728412833108;13.9067472544309;-1.35977836528963;-1.35038551081319;-1.33847767829795;0.007303069799225;0.006419811011992;0.005946057143379;0
instance-79.csv;-2.93032508709364;3.52255684680394;552.914857606428;4.40895219427765;4.40895219427765;596.5982655413;3.29424563980516;2.65150008720731;224.086257242497;2666.66056180005;6124.24742502221;368542.031673037;12.3816065128358;24.0320992010445;500.234816777953;-28;82;165677;0.002001247498441;0.067249915937605;1.83884145144819;3.09037113703608;13.668072844929;12.7507226892669;14.1153930598002;-1.32088465358748;-1.25682160408435;-1.32051230922947;0.012115622654293;0.004884355802591;0.0073201347885;0
instance-80.csv;-2.92733884082645;3.49420563224296;554.977966277542;4.37691255947564;4.37691255947564;592.214787319227;3.25392852783899;2.63588515548328;206.682876083144;2946.49287695203;6599.85793053997;563803.424021535;13.3260900735745;25.3978465249913;688.004549333672;-22;158;169934;0.002093747382816;0.07662490421887;0.250173437283203;0.245499693125384;13.7165356747873;12.7827876158017;14.1112014123602;-1.36002446343435;-1.30063905179872;-1.35863462164319;0.004486667593707;0.009397032698326;0.004995507359202;0
instance-81.csv;-2.27048091189886;3.7489565638043;719.714394107007;4.76187861097279;4.76187861097279;757.540814782374;4.18573820661816;2.93612203226446;236.387979762774;1127.7497173986;4505.46318686464;363246.017472558;6.48806963945976;19.392993439451;498.842500713351;-76;120;174245;0.004746244067195;0.077374903281371;19.2843396445754;26.4722169097289;15.1205990222206;15.7549044697913;15.3918632322011;-1.33870938857637;-1.3781421676172;-1.38477349941889;0.00567678534125;0.004756188012776;0.004949465671501;0
instance-82.csv;-1.21342723321596;3.96342379572026;534.024598719252;4.9526445550978;4.9526445550978;580.127014600733;4.8016957878264;2.96984173057393;226.638657409324;679.087854334483;4514.05834602017;476422.46919858;4.47098501907432;19.0917915955853;606.382403514651;-32;91;178610;0.001603747995315;0.034624956718804;0.295947130066087;0.239124701094124;13.6968696416481;12.8391768851265;13.436739976477;-1.27274392986025;-1.23243050672903;-1.27672049174179;0.004678990542137;0.014106264187592;0.00921427118558;0
instance-83.csv;-1.2157784802769;4.42507946865066;528.558061802423;5.55214678904318;5.55214678904318;570.632228270604;5.41739943644348;3.35335737183034;215.052354659839;440.035783272743;2909.74257342687;648315.439646035;3.21831476693218;14.004561055242;763.969247279434;-30;37;183029;0.005428743214071;0.253374683281646;0.24301969622538;0.008749989062514;13.5764405093678;12.7595695109796;13.4308210799034;-1.28900879514461;-1.25729039153455;-1.28583200869883;0.002617516984369;0.012494954241077;0.010901151366675;0
instance-84.csv;-1.43414570731787;3.25219343475821;751.234865956418;4.13818934973209;4.13818934973209;787.910149724888;3.88173120970758;2.55887650291134;237.58909952045;1754.92058749483;9065.58292143468;477145.033828714;9.07890203342066;31.7711504674764;607.02985686261;-17;278;187502;0.000959998800002;0.003499995625005;25.3785632767959;33.7134578581777;15.9083658879253;15.6619974690685;15.8074737112603;-1.37636556137985;-1.37017783932374;-1.39269756409489;0.005365450183397;0.003501106187069;0.003847489271294;0
instance-85.csv;-2.18112102359872;3.10230237212203;631.754921556348;3.94488679144728;3.94488679144728;674.52284754848;3.28707208283465;2.43677077076635;236.361568268284;3593.89711554202;11574.0589492448;537455.342967818;15.5353644328084;37.9570265447014;663.732496585587;-26;329;192029;0.000944998818751;0.000374999531251;1.57881052648684;5.20699349125814;13.9523049411704;14.6290654886826;14.741548372095;-1.33263094489018;-1.34638879796204;-1.37292650962272;0.009359668211885;0.004092148256692;0.006089463178056;0
instance-86.csv;-2.27003716245355;4.45908192614759;665.541840572699;5.8677476055061;5.8677476055061;732.262545924926;5.41085882674852;3.81405956138947;305.389087250279;780.318047464413;3040.7804505286;218508.550877756;2.51049413435623;22.7445830214215;378.049413426929;-384;14;196610;0.02418371977035;0.40974948781314;4.83196771004036;8.23011471235661;14.3477982337975;14.9759350536853;15.1482906364911;-1.21426186939338;-1.24658580465667;-1.2554456583981;0.010921588102815;0.011020199927033;-0.005667021317093;0
instance-87.csv;-1.4549956812554;3.37594828006465;711.599690500387;4.62976005929597;4.62976005929597;902.811666256517;4.39518665976547;3.16822527876109;555.603082432615;1297.46094538216;4666.54968909671;22978.3625597883;7.15663139109858;24.9513757021073;93.5294676040524;-180;5;201245;0.044678694151632;0.33299958375052;26.8821476473154;18.7093516133105;15.3992403348795;14.9023177473593;15.7931125742642;-0.292564035506384;-1.29675750973713;-0.345646960465659;0.009073787570232;0.007731395171021;0.005573173089052;0
instance-88.csv;-2.93571258035927;3.25574718031602;633.830073962408;4.03246524151543;4.03246524151543;683.828049695425;2.76448323734299;2.3792616968073;256.671460998407;8341.49468644097;14726.7239004768;511653.710977404;28.8750228905298;46.6171286286822;640.185674261841;-174;153;205934;0.003762495296881;0.019499975625031;4.27340715824105;8.8344889568888;14.4903063196914;13.8496623734168;15.0890050837242;-1.3284078854893;-1.28670383155942;-1.32886410181582;0.005835950361059;0.008902526144642;0.010941513018273;0
instance-89.csv;-1.20819473975658;1.69283413395733;606.034393707008;2.38949453083594;2.38949453083594;656.839524471959;2.06154058502844;1.68641534261397;253.299179929048;27985.1677280358;61575.8736848604;591853.879538615;71.7338840566425;135.473546108046;718.412266434918;-165;21;210677;0.003979995025006;0.021374973281283;0.712314109607363;0.082499896875129;14.5292580286064;13.7434520191537;14.3181181491621;-1.324719721466;-1.30467549327431;-1.29567148898879;0.012157853641727;0.010520785969491;0.009215008372125;0
instance-90.csv;-1.2070022412472;1.64231169711038;612.364395794505;2.37324918826708;2.37324918826708;671.562967507683;2.04339357423738;1.71322035919049;275.693065003377;31227.8623520544;62307.0122774479;461713.03763988;71.2749488774976;143.572280351531;596.705489548721;-331;98;215474;0.004291244635944;0.018624976718779;1.62349172063535;4.91961885047644;14.3948526259656;14.0239943500668;14.4027220889129;-1.28038655025394;-1.2588975552009;-1.27445231589036;0.010958673815523;0.011679508581342;0.012169453768569;0
instance-91.csv;-1.21593348008315;2.42719196601004;537.120673599158;3.21221373854599;3.21221373854599;596.655244444519;2.97318396237375;2.10405709576521;259.805432421141;7031.24710289754;27536.2124578523;640220.414921096;25.6590420614428;72.3897090345817;756.802339385402;-56;62;220325;0.002272497159379;0.013249983437521;0.344565819292726;0.048999938750077;13.6583997685199;12.8699939526939;13.5605900103912;-1.25952066947631;-1.2067448762862;-1.25597273837845;0.01247523363655;0.01448192265163;0.01101092302434;1
instance-92.csv;-2.23761595298006;3.93869882662647;638.842865196419;4.99859255366854;4.99859255366854;692.59531151562;4.4697877314879;3.0777555248463;267.522072212834;1445.06094010242;6239.23212104819;620925.679491535;7.83131353022988;24.2493504692961;739.642990879309;-49;9;225230;0.002817496478129;0.08287489640638;1.64463544420569;4.49386938266327;14.0258970529128;14.7185103400391;14.8188384794218;-1.2799141623355;-1.29359416163638;-1.33145321919461;0.010757840023903;0.006195528493501;0.010141486149449;0
instance-93.csv;-1.44192444759444;5.98039377450778;760.624240469699;7.22616623654285;7.22616623654285;810.895454309279;7.08084263104197;4.0561519670718;281.073304725557;237.984103446942;2139.03698348895;554903.319881139;2.03902622489517;11.047497414924;679.809451768811;-28;250;230189;0.033478708151615;1.51362310797112;28.1433973207533;37.4978281277148;16.1188197783432;15.5013368918353;16.0488985809887;-1.29364500248284;-1.29230530212764;-1.31951996798659;0.00800450530309;0.008009804800577;0.003095472821369;0
instance-94.csv;-1.43247070941161;4.61738672826659;816.681261648423;6.70308558320753;6.70308558320753;960.983146775603;6.5482351822825;4.85912503825865;506.478356160537;393.103163481;1237.25663083919;58565.8876763648;3.08781272106917;13.6659141342863;148.31760797986;-175;1;235202;0.185323518345602;1.48899813875233;81.0305699617875;49.6566879291401;15.6700913842197;17.0080312573336;16.7015878990776;-0.802283959462123;-0.973642244053312;-0.885948940769406;-0.018400784630174;-0.001390504773396;0.086641459287997;1
instance-95.csv;-1.44331694585382;3.79764150294812;725.856433929458;5.20589880551592;5.20589880551592;972.28360437014;5.00182152491302;3.56080066675431;646.890906297346;1090.91723005316;4125.47775135227;25044.0769711469;5.96389868794581;22.8700200748864;94.8845642909103;-218;16;240269;0.056973678782902;0.391124511094361;54.9210363487046;28.3279645900443;15.7241478819513;14.8907394953985;15.9349890996277;0.034027730073325;-1.15153445809969;-0.123741253336148;0.002589292745169;0.010975546906774;0.0082576721223;0
instance-96.csv;-1.20000224999719;2.05893867632665;570.195768505289;2.79152628668015;2.79152628668015;641.335271659907;2.52043916991225;1.88504390833542;293.577445069864;16880.7067113692;53138.4099649966;604509.054271556;49.5587301919537;117.810665706947;724.923361155492;-35;34;245390;0.001884997643753;0.014874981406273;0.679697900377625;1.71862285172144;14.1856788228908;13.1838325294153;13.9333021875641;-1.23159737877731;-1.17366714859137;-1.22974559128292;0.012653634062116;0.016680349840365;0.013559773589995;1
instance-97.csv;-1.19583350520812;1.87466515666855;572.430999461251;2.64013234272953;2.64013234272953;643.626664646048;2.35378015433646;1.85901300089574;294.241455779415;23158.8305846538;58674.0877446474;651329.612176845;62.9520997494712;128.208923280741;766.668263189344;-87;29;250565;0.004779994025007;0.036499954375057;0.609967987540016;0.212374734531582;13.8731641589722;13.2166155832913;14.2930388257342;-1.21449713245272;-1.17849203791813;-1.25630422088103;0.015865152375863;0.014744604130248;0.01011451994676;0
instance-98.csv;-2.2551996810004;4.30413211983485;641.678812901484;5.46792192037225;5.46792192037225;709.598174568212;4.98118906749212;3.37233106653147;302.948626707369;1207.93337395753;5580.89317413203;628969.895280638;6.8849653967556;22.4247614461774;746.841618005482;-59;13;255794;0.007562490546887;0.273249658437927;3.36717829102714;6.81449148188565;14.0349234774056;14.7009946282336;14.9178237998226;-1.20837400632488;-1.25171672436859;-1.26921890610139;0.010433292669501;0.018240627074824;0.009547783204319;0
instance-99.csv;-1.23736220329725;1.70330162087297;570.837335203331;2.49466901026632;2.49466901026632;651.619702561206;2.16617364230907;1.82267305326947;314.249858399195;35366.668472864;69598.462501964;590444.355457358;87.5730017081578;149.586548268719;713.99209736278;-140;42;261077;0.006772491534386;0.046999941250074;0.969890037637453;0.955123806095242;14.337609861215;13.1680019410019;13.8143319968864;-1.2267783141994;-1.1234738756916;-1.15915824144074;0.011189115832045;0.014859731623284;0.014635864232893;1
instance-100.csv;-1.44104444869444;3.29230213462233;714.566363042046;4.25127494504021;4.25127494504021;781.57103233785;3.99959117350931;2.68962549673517;316.619947884707;3140.06669332789;15034.01853983;619893.131251096;14.0304030502793;46.1314260188564;738.688906299788;-19;225;266414;0.001206248492189;0.007749990312512;12.6185954767557;23.6838453951933;15.4226056927076;15.0278776990128;15.7467754985036;-1.2783427190111;-1.25947179270857;-1.30512350199127;0.008745310933229;0.006876483117064;0.005828436899896;0
instance-101.csv;-1.44299069626163;3.55660805423993;726.076899903875;5.00905566316663;5.00905566316663;986.495654981766;4.79670892250135;3.52720537893916;667.821842053613;1636.07531968235;5451.01655019669;35363.173019508;8.55448952677917;27.6395420715446;113.996332641843;-158;10;271805;0.063823670220412;0.395499505625618;33.6884353894558;21.8747226565967;15.7426796941035;14.9441687000766;15.8738310842038;0.053580699949053;-1.11858236817795;-0.00721659553633;0.008902147087214;0.014667232787935;0.010445578342825;0
instance-102.csv;-2.92533759332801;3.22903971370036;523.455681930398;4.0128183514347;4.0128183514347;617.264819349385;2.74683655987629;2.38243859290371;327.123839334908;15399.6233305679;26483.4805949134;640121.686710496;46.2742575154006;70.4656139697508;756.767774648536;-114;90;277250;0.002813746482817;0.017749977812528;0.787849015188731;1.17362353297058;13.5477671337833;12.4047117611609;13.4817604600195;-1.13698678671525;-0.97661024748699;-1.09906147585886;0.013571161436175;0.01916166328141;0.013908534626585;0
instance-103.csv;-1.43512945608818;3.50586186767267;746.12273609658;4.83712073477898;4.83712073477898;959.958405891148;4.61932250953501;3.33266703521781;604.0041421388;2037.10524393378;7340.60784710581;60946.2246966095;9.87490262265849;32.1913348595668;157.476937104435;-179;9;282749;0.045377443278196;0.298124627344216;34.0324437094454;29.7460878173902;15.88640132931;15.2154059417099;16.1003669500343;-0.364170099205455;-1.17205408189138;-0.338977941003187;0.006970890823586;0.00934411069773;0.011255620426569;0
instance-104.csv;-1.44895693880383;3.92273884657644;699.606794241507;5.47008398909253;5.47008398909253;933.859546524093;5.27468886639001;3.81234032967763;618.582238740578;1324.2164619429;4719.74019937602;59744.9061798435;5.45466980044253;27.4925040457768;154.087454321891;-267;14;288302;0.062212422234472;0.42874946406317;25.7935177581028;14.4403569495538;15.3701834024508;14.5320461607334;15.7871575526034;0.030797117429194;-1.11192727472408;-0.243704428446363;0.043978731686741;0.005075634327543;0.00697024799733;0
instance-105.csv;-1.42765571543036;3.27962090047387;702.380027024966;4.51185766108878;4.51185766108878;909.266704920825;4.28003022327233;3.09853938220906;577.432453464457;2974.41586280987;10592.3054480638;84703.9786153033;13.7754046766694;40.5123806810569;193.161203124904;-154;2;293909;0.034286207142241;0.223499720625349;28.0154237307203;22.0285974642532;15.315656148421;14.8418362780832;15.6366208690994;-0.3426993599861;-1.12621982217983;-0.373722979830619;0.010010876927284;0.007539686114434;0.010799240550158;0
instance-106.csv;-2.22740221574723;3.3771732785334;640.597479253151;4.32788332638282;4.32788332638282;728.384115630774;3.71069447085943;2.7065244749572;346.667404694664;5375.34292034085;18549.3648376075;691085.074019103;21.0024669968914;53.8471455426842;801.545748707849;-73;62;299570;0.002159997300003;0.009249988437514;1.72659284175895;4.22961971297536;13.8735943436788;14.9508629901783;14.7894354398986;-1.13711228453009;-1.21205719999368;-1.22820198101896;0.015652295319984;0.011373103145129;0.015425891330953;0
instance-107.csv;-2.93944507569366;3.26262717171604;539.820038974951;4.05788931181198;4.05788931181198;645.958031697127;2.79752181651873;2.41282606196513;354.762038886785;17329.4845318296;30515.1463574517;680622.673953776;50.5280141104079;77.6562262590772;792.350934039531;-54;16;305285;0.001557498053127;0.003624995468756;0.589219263475921;0.824373969532538;13.4013091264766;12.8997159023978;13.7677949042802;-1.05896938370575;-0.971683523337735;-1.07969179609284;0.016287303256434;0.018152572447148;0.018293809316473;0
instance-108.csv;-1.42890071387411;3.68297539628075;726.803751495311;4.70645405922683;4.70645405922683;813.646975721503;4.48430067697326;2.93025630995027;365.756350475411;2707.20452470539;14539.4255649092;647767.760100469;12.5540484569347;44.9561121739828;763.47219693119;-19;244;311054;0.001608747989065;0.029499963125046;18.8332964583794;27.7870902661372;15.5434978476997;15.2502441966751;15.8000263918039;-1.21252733203866;-1.19127509794252;-1.24780155987396;0.011238419216311;0.013055296728316;0.009260762524041;0
instance-109.csv;-2.93737757827803;3.80887398890751;609.427246965941;4.92833956717031;4.92833956717031;715.777178785436;3.95731523282716;3.12746060342255;375.413638971137;4803.04801097428;11959.545838843;629894.023125629;19.6645887427244;42.3467170316341;750.427682739994;-232;73;316877;0.009888737639078;0.170874786406517;2.54156057304928;3.99724500344375;14.4034553715693;12.9387898574413;15.174874904359;-1.12663777657095;-0.903633032518797;-1.17487130709029;0.01424607212463;0.01916804545536;0.013461680723007;0
instance-110.csv;-1.18951226310967;2.92580509274363;536.345458318177;3.80560089167957;3.80560089167957;649.765795827053;3.61492167586851;2.43356995092143;366.782140743286;6897.23775160217;33024.6847216293;744513.847175652;25.3236367153512;82.8090501088071;847.530815438985;-67;89;322754;0.00326249592188;0.017249978437527;0.529336838328952;0.036624954218807;13.6495642007116;12.9087522765034;13.5047242804609;-1.03518145489324;-0.942496478124574;-1.02663024721114;0.018531363101261;0.019276679216056;0.022340458410666;0
instance-111.csv;-1.43266445916943;3.24694469131914;735.487611890485;4.59423305528554;4.59423305528554;986.021773251016;4.36514030859388;3.25028114749982;656.731992581989;3435.18433098199;10945.1040432904;78931.5503846627;14.8439716586493;42.2220895920163;182.033569234637;-203;5;328685;0.048396189504763;0.308999613750483;27.1228873463908;18.2643521695598;15.8107579347441;15.1542512773424;15.9031232630098;-0.068010349209827;-1.11744833411296;-0.135775718337831;0.010225868295358;0.014073237268156;0.007973470830917;0
instance-112.csv;-1.22876846403942;2.47941190073512;522.162259797175;3.46772042827039;3.46772042827039;660.500211320434;3.24271692110582;2.4243765374085;404.483749485496;12021.6233875202;37875.0638658186;582886.204962504;37.7704918219794;102.806118696466;711.558064799742;-351;1;334670;0.007263740920324;0.023874970156287;1.14614731731585;0.63374920781349;13.5670520108091;12.5928684177649;13.3597410528754;-0.894450706881865;-0.734137843316722;-0.904699631181707;0.055208481819075;0.022078276976316;0.005013236019069;0
instance-113.csv;-1.4537156828554;2.99595875505156;693.177308528364;3.95889288930111;3.95889288930111;807.199878464402;3.6823285598082;2.58786863016437;413.614388935296;7144.19770126691;28775.9752250727;571023.768412367;25.9786663506179;74.7679259004083;697.50991551324;-66;54;340709;0.00325749592813;0.022624971718785;12.8887626390467;18.3437270703412;15.1376275061966;14.8579984329962;15.4960452809805;-1.10650987591408;-1.07320840542932;-1.13089870898062;0.044777183046056;0.015700955914414;0.015224757618918;0
instance-114.csv;-1.20125474843156;1.64953668807914;630.816022729972;2.40082049413866;2.40082049413866;754.284884383309;2.07868373603269;1.74441043328601;413.541814423018;72810.7368990875;145177.602961239;613752.543915114;148.207920472912;249.137627751764;733.202981119582;-22;222;346802;0.001292498384377;0.001124998593752;6.52219184726019;15.2626059217426;14.6766283833073;14.0062203141227;14.7717535175514;-1.06319753959287;-0.9781360577267;-1.07008825265888;0.018448187364687;0.019563705521271;0.016552493461114;0
instance-115.csv;-2.11797110253612;3.26354967056291;641.131259835925;4.23324891182937;4.23324891182937;761.860605189212;3.66532328155737;2.69622697436126;411.56079672446;7829.64845044333;26186.8698096765;671303.744170158;27.8454789606405;69.6273251470083;785.635809045757;-95;25;352949;0.002854996431254;0.015249980937524;3.24480094399882;6.35886705141619;14.0162539759726;14.7507157974309;14.8782549890541;-0.967418048888292;-1.091146001608;-1.11678431153833;0.017370595283089;0.021313785675821;0.017397868670426;0
instance-116.csv;-2.92721259098426;3.29498713126609;579.879436400705;4.14010142683126;4.14010142683126;708.670965535543;2.92777496943215;2.50669097202689;407.37498282624;19972.3444179332;36287.907780196;750285.759196992;56.1871771879483;88.4006908797648;852.411725870748;-19;389;359150;0.001322498346877;0.003874995156256;0.460145674817906;0.097999877500153;13.8044419378372;13.368327534406;14.3642198464582;-0.998281445284746;-0.902819817264987;-1.0458657398085;0.018087791048693;0.021145262005085;0.019155715233193;0
instance-117.csv;-1.42527196841004;3.3649770437787;776.851980185025;4.34782446983868;4.34782446983868;884.437818986406;4.10757561544429;2.75327207434543;422.766196065906;5304.76149863225;25804.5802964005;691683.389270248;20.7975462391678;68.711258236055;801.96770299655;-19;269;365405;0.001387498265627;0.006999991250011;34.3124483594395;42.4586969266288;16.2073222411761;15.8295878658243;16.1441769372892;-1.18644907962865;-1.15829248711267;-1.19730232868222;0.012319809286499;0.014324574007182;0.012679602738675;0
instance-118.csv;-2.25983342520822;3.02170747286566;671.91818385227;3.95364252441827;3.95364252441827;796.435919481933;3.24413965500873;2.5496221601085;427.593414413388;14155.1503866004;36368.1265189474;708722.726955544;43.3387821772093;88.8251338268096;816.756451426499;-89;86;371714;0.002888746389067;0.018249977187529;5.7136753579058;14.3402320747099;14.3853452722562;15.1974878674953;15.1028941266125;-1.029616969871;-1.10267734478629;-1.11788043363154;0.016568715381201;0.016747841916871;0.01704065088506;0
instance-119.csv;-2.92512134359832;3.17984102519872;568.774349032064;3.97192620522496;3.97192620522496;715.440365906798;2.68698025764581;2.38008588799143;433.993844486308;31191.6787063893;49517.6441156049;715616.784698241;78.5093323290154;111.515790339893;822.778460648609;-73;73;378077;0.002007497490628;0.007624990468762;0.975081281148399;1.83087271140911;13.9657455174534;13.0746421837974;14.0887014621735;-0.941957852848452;-0.766128128551021;-0.937279576685197;0.019112893799904;0.027054958895609;0.019436146483558;0
instance-120.csv;-2.92322884596394;3.39877075153656;623.160158549802;4.30813408565424;4.30813408565424;769.963808676854;3.16460936200666;2.64733388118603;452.234102504834;16763.7280737435;33433.5509338245;648925.340431765;49.2556145857182;83.3463555553816;764.508335321577;-20;305;384494;0.001658747926565;0.024374969531288;9.6682641646698;13.7228578464277;14.4140526623464;14.0269255965937;14.642920116894;-0.956669550634486;-0.886621090618175;-0.950205564944221;0.018003179956901;0.019628576091792;0.019715483498115;0
instance-121.csv;-1.21913472608159;2.91660260424674;547.593051758685;3.85444031982755;3.85444031982755;703.502978698881;3.65655858681004;2.51994829867864;441.654039609974;9662.27491665871;42187.2463074573;763300.641041713;32.5968895727309;99.1281809948048;863.47835155399;-64;158;390965;0.002404996993754;0.01274998406252;0.546673066658667;0.035999955000056;13.8055544081061;13.0168945307178;13.6576537502593;-0.880825818408576;-0.725360176529451;-0.845214822705959;0.023686485122241;0.026237978795329;0.025772628478987;0
instance-122.csv;-2.91820635224206;3.91075761155299;526.281524648094;5.01504671579768;5.01504671579768;694.067014429244;4.07857392324415;3.13953316040991;452.500582687804;6492.14451603535;18034.4187856822;740345.43377454;24.1752376947746;52.758253283847;843.930681063469;-35;97;397490;0.004134994831256;0.143874820156475;0.578124277344653;0.370624536719329;13.8074937763519;12.4492555208194;13.2798265146465;-0.862648657551358;-0.498595383655968;-0.725580377466963;0.020787403937438;0.032351858862592;0.027197282412147;0
instance-123.csv;-2.21742472821909;3.66235042206197;644.565669292913;4.74017715000196;4.74017715000196;793.551859818757;4.18954734882937;3.00939675008518;462.881898750411;6009.96798609818;22099.0960498644;721234.678983554;22.7477792376057;61.329582218052;827.597324215789;-90;5;404069;0.002416246979691;0.02537496828129;3.43866195167256;7.20536599329251;14.0953044987229;14.7879848100051;14.8783256698824;-0.875895482802847;-0.983605362089583;-0.996523614400727;0.025734724749905;0.018659341062251;0.019076219089355;0
instance-124.csv;-1.44334944581319;4.120813598983;716.823132721084;5.26277271303153;5.26277271303153;857.627359644263;5.06098004405273;3.27348009180841;470.838915560642;2906.90066864672;16281.2019335479;718606.067573742;13.2362639279636;48.8450764926256;825.270952771568;-20;237;410702;0.003049996187505;0.108249864687669;12.4414856981429;22.3897220128475;15.4433983396075;15.1033846946191;15.7250222818254;-1.0357603010929;-0.995509146049856;-1.06150928376737;0.016150038445198;0.019336655247624;0.016722536396713;0
instance-125.csv;-1.44303944620069;5.01638747951565;790.797067753665;8.24386279594753;8.24386279594753;1118.36029789892;8.11658246770872;6.54195157837219;790.803233142581;496.595424778085;1134.19374445955;96891.5381387022;3.15376069320492;12.3499291416261;199.629129955389;-261;1;417389;0.497620627974215;4.07249490938136;88.1129648587939;35.7383303270871;16.2584567807644;15.7378875691943;16.6070331773217;0.089235263242498;0.005673788714825;-0.156691600018585;0.013160291516612;0.025756273404725;0.01235304760087;0
instance-126.csv;-2.2574096782379;3.9663850420187;677.039746200317;5.11744074364817;5.11744074364817;831.631224879383;4.5926355515486;3.23357224493294;482.936513694494;4585.44489462783;18252.665473152;738870.459382381;18.6682516117899;53.2948868271221;842.680064358326;-57;21;424130;0.004108744864069;0.109374863281421;5.35848330189587;11.688610389237;14.4540140607789;15.1490557785971;15.2544072743084;-0.888942984241547;-0.976649190499774;-1.02145968016784;0.020801878947262;0.020612992225052;0.017683009657089;0
instance-127.csv;-2.1856135179831;3.65633417958228;678.550158062302;4.73652147748803;4.73652147748803;836.915205827282;4.20211009573939;3.01095600664038;489.894626158062;6751.26581912111;25091.7079173123;743645.920901128;24.9129220531;67.3393569005293;846.749554836184;-38;50;430925;0.002404996993754;0.05749992812509;5.93901132623584;13.3367333290833;14.3199984120042;14.9361777583735;15.6367663067303;-0.857422028364625;-0.945694562641015;-1.05901553348163;0.021837244938484;0.0214682052895;0.017645613032657;0
instance-128.csv;-1.45080068649914;3.76426279467151;787.04273619658;5.00771391490186;5.00771391490186;991.657882247353;4.79295065920309;3.30265412451161;603.281929800244;4121.44099882662;17944.4513736838;344774.978145874;17.1247473747926;54.4497785418662;488.199603775693;-195;6;437774;0.020778724026595;0.199249750937811;46.6759941550073;44.149444813194;16.1589151639719;16.0360830051456;16.3027593829288;-0.667819046340931;-1.0213424674984;-0.69575025233126;0.030598269542119;0.016095026217649;0.002882231018748;0
instance-129.csv;-1.42515571855535;2.83634395457006;750.532576834279;4.08804282143453;4.08804282143453;974.66036324787;3.8315826087599;2.94401886564204;621.822864485512;10447.2448561649;29514.598876547;325328.359258498;34.4606835687077;81.5914651885216;468.212385289492;-162;11;444677;0.031418710726612;0.175874780156525;25.1364523294346;34.0353324558344;16.0462736509502;15.0447386507816;16.2394180186179;-0.585993787890781;-0.893154799144895;-0.583356318168366;0.017788164016788;0.0235360297444;0.014912964717397;0
instance-130.csv;-2.19197851002686;2.7441203198496;631.814431481961;3.61916217888635;3.61916217888635;814.176854759647;2.87985504646706;2.35969034987007;513.511903462265;33611.8730328047;73314.9083890795;743738.468459519;83.0390864928186;149.374029681703;846.82667873724;-18;229;451634;0.001457498178127;0.001624997968753;1.68646289192139;4.61199423500721;13.9426486983894;14.6160160474514;14.765574857882;-0.728591466582188;-0.843132911728427;-0.889995383824961;0.029901838827177;0.023228509684167;0.023131822957965;0
instance-131.csv;-2.26002967496291;3.85286018392477;662.998043752445;4.95320318907096;4.95320318907096;847.272585906659;4.40754894476622;3.11282672748579;527.54566514131;6318.70974683834;24875.1049561793;710004.435693066;23.7561018900409;66.8656982977073;817.856412122657;-64;5;458645;0.003311245860943;0.046624941718823;9.87113641107949;14.9932312584609;14.3172553779479;15.1695874170785;14.8979060659255;-0.741301266805289;-0.885498884442441;-0.858754700893268;0.024855879391629;0.022529584020239;0.022512595803323;0
instance-132.csv;-2.93211883485146;3.89674262907171;611.898517626853;5.02283545061005;5.02283545061005;816.889635208854;4.07818036656232;3.16927008105657;541.192091810029;8908.52137458556;23867.1132070491;681836.219285081;30.6594122802512;64.9081929655201;793.400386044824;-24;291;465710;0.004396244504694;0.156874803906495;8.40856073929908;13.1692335384581;14.3000308425555;13.3701509221571;14.9809471028201;-0.689658380114418;-0.435674075507638;-0.793078961329023;0.02759394134924;0.034430907132767;0.021920562777561;0
instance-133.csv;-2.92381759522801;3.82505396868254;572.631307960865;4.91210632916413;4.91210632916413;784.982728594327;3.94716091119293;3.08184209940747;536.927620200734;10462.8900235748;27524.2209458041;748093.779408447;34.594941105074;72.0464776987756;850.545467188365;-22;298;472829;0.002318747101566;0.049249938437577;1.66148167314791;2.18749726562842;13.8986301900675;13.1053702684102;14.2635431491975;-0.622808570147377;-0.389800187173223;-0.670712616293959;0.029760324645571;0.034261084393909;0.030265467532987;0
instance-134.csv;-2.92958758801552;3.34084707394116;585.88874388907;4.26649282154544;4.26649282154544;800.892511553661;3.10168946873219;2.65362051258984;546.043217013836;28278.9188243503;51692.2650656463;742762.810770729;72.9175843299076;115.053534078087;845.995855590239;-17;300;480002;0.001523748095315;0.003499995625005;2.03653495433131;2.96437129453588;14.4525982199239;13.0511351751899;14.2248430397358;-0.738516485028564;-0.335104943710716;-0.644156767337202;0.023597794199625;0.030549172199728;0.031341008844739;0
instance-135.csv;-2.21690347887065;5.29492213134734;658.444108194865;6.72923618598169;6.72923618598169;859.101713647201;6.35357841000618;4.15288083981393;551.821629491837;1650.51609570471;8822.33985114421;755607.340856052;8.67846624179785;31.1897107307499;856.942401940699;-29;365;487229;0.042047447440691;1.61924797594003;3.54561056798679;7.74336532079335;14.2130517270227;14.9431489768206;15.0724300695794;-0.609968648728414;-0.759460554589186;-0.823371099374426;0.031629217709089;0.026537633854197;0.023346401653836;0
instance-136.csv;-1.44439694450382;3.23509220613474;737.450239437201;4.58372746646255;4.58372746646255;1069.9310965469;4.35020401286091;3.24726591221128;775.190102950287;7761.74724530127;24603.2651342768;206362.961183662;27.4760684636181;70.343989980215;338.733898354403;-175;2;494510;0.041668697914128;0.312374609531738;33.3951870060162;25.8202177247278;15.7965251747911;15.166342551485;15.967192837411;0.212584663407531;-0.772337569554292;0.135100947741996;0.022558886643212;0.025886282727459;0.022607157259775;0
instance-137.csv;-1.21431723210346;2.07242115947355;543.360042049947;3.00768306879285;3.00768306879285;782.784796878237;2.75165243119835;2.17973117151393;563.481945520157;49619.7687602667;124669.105636834;783040.62626665;111.276910129755;222.729168760454;880.174832396442;-71;73;501845;0.004072494909381;0.033124958593802;0.890796386504517;0.078749901562623;13.7130662071934;13.0296256993155;13.5833746538447;-0.496221577021757;-0.272069205333772;-0.437508162146142;0.034049057782471;0.039891760336635;0.037219442920075;1
instance-138.csv;-2.92435509455613;3.20200474749407;539.689989137514;4.07487981346605;4.07487981346605;790.542383129884;2.8377443110923;2.52027996286496;577.660778614427;45413.5451906799;71560.4923397457;751698.584575458;104.020613576801;146.648025747341;853.616193222225;-18;161;509234;0.001549998062502;0.001999997500003;0.715986605016744;0.416499479375651;13.7617525170035;12.6210628473342;13.665550872698;-0.460749999468022;-0.010594630959361;-0.393854405915325;0.034875852860825;0.044515119800736;0.03723776278672;0
instance-139.csv;-2.98570001787498;3.75206155992305;518.838125202344;4.84431722905697;4.84431722905697;784.353985394848;3.81484007777516;3.06421987890654;588.233095159818;14325.1871077165;33673.5524093298;741039.599121129;43.891414001137;84.1828394772235;844.552920779854;-102;14;516677;0.005261243423446;0.058999926250092;1.09574113032359;0.968873788907764;13.4284879639937;12.4069568889654;13.4281129972284;-0.302228859572033;0.182020821670877;-0.241469029791037;0.037327289729703;0.047527714633631;0.038126853756878;0
instance-140.csv;-2.94678381652023;4.10289737137829;546.161217298478;5.29304496292954;5.29304496292954;811.900610738006;4.39690688078429;3.34403321447783;600.741646996271;8347.7317916142;24396.0225649064;721518.740826669;29.2002394581991;65.9380617447414;827.782762593325;-66;186;524174;0.005914992606259;0.216874728906589;2.3343520820599;3.40624574219282;13.8550838573454;12.702123782359;13.7315315418043;-0.384392454157046;0.08868586964047;-0.269487664609822;0.036174642195504;0.044621231548638;0.034669912353764;0
instance-141.csv;-2.93583258020927;3.77195153506058;581.280304649619;4.90994486889127;4.90994486889127;839.943778771419;3.93553626289144;3.14323722183132;606.315725446121;13391.5219015629;32217.1151672155;736140.640491601;41.5681032211688;81.5342665552696;840.354791874312;-158;90;531725;0.006133742332822;0.14074982406272;2.75774155282306;4.36649454188182;14.0175790729923;12.6370967645692;14.8587344547148;-0.41982494114186;0.115433651760865;-0.615571677080065;0.034035791039544;0.065426446487763;0.02948684658305;0
instance-142.csv;-2.93748757814053;3.47462940671324;575.753759057801;4.48255687452539;4.48255687452539;846.523765471557;3.38592422561772;2.83200752459424;620.572392585228;25127.2227734707;50317.6553434439;710069.173627639;66.7283077460436;112.83775831006;817.911204512047;-34;131;539330;0.002294997131254;0.023749970312537;4.05336618329227;8.68461414423232;14.1359296809399;13.2230398371606;14.0308813365451;-0.375451372390756;-0.045881797565792;-0.348553590371538;0.012822439070989;0.047243385356035;0.043454922247037;0
instance-143.csv;-1.21078098652377;1.96184254769682;526.125284843394;2.87442858183595;2.87442858183595;809.503985527015;2.60698083513246;2.10083637871251;615.214505057041;73145.4859370272;171739.375959926;778115.703789889;148.721143970543;282.446717475241;876.016028121942;-18;162;546989;0.001594998006253;0.000874998906251;0.694892881383898;0.008624989218763;13.3921241311711;12.8192949186452;13.4682851211499;-0.180854692797559;0.070775461151436;-0.198551051359099;0.037579980675291;0.049363716086919;0.039544250147361;0
instance-144.csv;-2.21060723674095;3.88710514111857;700.660579174276;5.05508338780528;5.05508338780528;940.089526925283;4.54610643326061;3.23176138963793;626.771945308475;8159.16376534913;31351.4076337767;762979.424614252;28.7067480260198;79.3874698564178;863.20488596398;-23;314;554702;0.002246247192191;0.045624942968821;9.48530189337263;17.3188533514333;14.6211845850911;15.2103691768162;15.8009028615736;-0.526610095278469;-0.652119692286494;-0.796520028762493;0.032570923498052;0.028114167244821;0.02471575403758;0
instance-145.csv;-1.20669349163314;2.08762739046576;649.774297782128;3.08657991817489;3.08657991817489;909.471851661001;2.8409270332993;2.27349674947153;636.342997844269;54857.7712527338;132398.49363538;759502.277915686;119.802154806661;233.80230505179;860.258094243293;-98;18;562469;0.006894991381261;0.047249940937574;3.14478731901585;6.20236724704094;15.0080804705503;14.2686164413916;14.8282572582294;-0.595458449080504;-0.406063236068142;-0.538243801265218;0.030625586725903;0.033577953910964;0.033551966710185;1
instance-146.csv;-2.9433763207796;3.67791540260575;606.747894065132;4.78916499296833;4.78916499296833;885.269282900898;3.77791439343817;3.06741578876238;644.638422912719;18134.6945751112;40889.3539037633;762389.540091252;52.2375029916297;97.276205177667;862.717248938905;-174;219;570290;0.005318743351571;0.082249897187629;1.60636299204626;2.47862190172262;14.6875105508176;13.5929770036885;14.211608552709;-0.504597499568233;-0.111567393956467;-0.313072951586701;0.033319019731777;0.041503475064013;0.037823433667865;1
instance-147.csv;-1.20357474553157;1.85240643449196;512.895442630697;2.78583139276757;2.78583139276757;827.353659152876;2.51242201487886;2.08073231108235;649.193609212471;94724.6121801208;199498.080824257;783567.300348146;180.541655203986;316.001678798891;880.614628895632;-25;62;578165;0.00171624785469;0.002499996875004;0.742181572273035;0.009999987500016;13.1994756779792;12.6797182399632;13.2985700750224;0.054177188590501;0.324768016320899;0.020631512918056;0.048195494537588;0.052940990945629;0.042261189137153;0
instance-148.csv;-2.10879736400329;6.41173948532564;817.140751074061;8.14333636217927;8.14333636217927;1053.36203227358;7.86555152453812;5.02031113377519;664.7199139259;1015.71814860429;5966.76882105586;751274.056167509;5.98391597069575;23.4989901823943;853.254083333239;-33;425;586094;0.175764780294025;5.19949350063312;56.6286779641525;52.1219348475814;15.8535940197777;16.5478214400325;16.9222629707607;-0.653761990023708;-0.759965968823379;-0.854222151349031;0.026523540987886;0.02525511479494;0.024179611329776;0
instance-149.csv;-1.20364724544094;1.95188131014836;626.919090101137;2.92459322956938;2.92459322956938;925.620925721554;2.66542283080668;2.17793592870327;680.989392428685;78964.1609837315;175469.287669643;720920.008732963;157.671022475495;287.845853059975;827.445263121601;-81;6;594077;0.003767495290631;0.014874981406273;8.36063204920994;14.6602316747104;14.6552464802733;13.9274005196756;14.7346030073654;-0.35981478502145;-0.118787087665816;-0.33867077269648;0.035068001603998;0.042139630039214;0.046030557321684;0
instance-150.csv;-2.09339238325952;3.3935157581053;656.041657447928;4.47763608821316;4.47763608821316;944.256349703264;3.95814770671584;2.9211771151301;679.138717529716;16719.9564534139;55448.0550647523;768944.373800991;49.2050555040556;121.428429847351;868.262941471225;-60;29;602114;0.003291245885943;0.017624977968778;3.39445825692718;6.95049131188586;14.1987980499243;14.9248066924928;15.0354052120857;-0.227699152545626;-0.437156447844434;-0.499109795858856;0.038779590933853;0.036965501461641;0.03493801985537;0
instance-151.csv;-2.26107342365822;3.44274944656319;650.136013579983;4.60025078632849;4.60025078632849;950.826766243108;4.0062269368999;3.05119379019175;693.82613330045;16392.9061137288;47902.9036445018;744664.425806102;48.2107143017254;110.244432048439;847.903075862623;-173;13;610205;0.007592490509387;0.035999955000056;5.53992682509147;7.18561601797998;14.1478869600748;14.7966299099331;15.0093393599485;-0.120772728419065;-0.346372738135523;-0.446013270019116;0.038675069734002;0.034676687178608;0.036779681507883;0
instance-152.csv;-1.42356322054597;3.19728850338937;703.873162658547;4.29428247195298;4.29428247195298;992.031734062121;4.05146019430419;2.86674173496964;699.063324939417;16031.1524797816;63091.8672442859;761729.153238697;47.6479815622722;133.672277135348;862.142750340661;-19;227;618350;0.001809997737503;0.009249988437514;11.4218457226928;18.6952266309667;15.3051438767886;14.9715952607033;15.5726664844414;-0.481707016219177;-0.399832496808291;-0.560448955702543;0.033399134736211;0.035309029602338;0.03056812144278;0
instance-153.csv;-1.43529820587724;5.38095577380528;733.200773499033;7.92827938004096;7.92827938004096;1184.84226180894;7.79727728044785;5.82262216602917;930.735091800528;1235.26885630781;3876.20165233165;255831.166400199;6.74359414263029;22.1113989250144;390.354842111951;-245;4;626549;0.314220857223928;2.72649659187926;56.5826092717384;24.9670937911328;15.1228995800798;15.8514352623035;15.8194757373929;1.15702496526535;0.116861922669289;0.642370148139754;0.035522942269974;0.029174356999777;0.029404734579751;1
instance-154.csv;-1.18775601530498;1.94359507050616;528.696274129657;3.04276780694076;3.04276780694076;899.706014445196;2.80136958915848;2.34112667937026;727.97744618242;74640.7046657986;151621.402774215;720404.744216638;147.271429346189;268.223173023324;827.819156167268;-356;93;634802;0.006058742426572;0.016124979843775;1.89327638340452;2.10624736719079;13.450944850826;12.9032083113058;13.4236112706692;0.33034274412942;0.683107386206384;0.361553364272658;0.043593216573201;0.062833406850696;0.059992216220581;0
instance-155.csv;-1.43095946130067;3.23833970207537;742.868380164525;5.09087505776158;5.09087505776158;1122.45562454734;4.88562829878134;3.92812484879253;841.458970378056;8430.10673567643;19864.897181276;424724.410679352;29.8749382613831;68.3473388334595;562.459071777658;-214;24;643109;0.071983660020425;0.395374505781868;45.0906198867251;30.8113364858294;15.823675217004;15.1837831174466;16.0912249332991;0.514777269798587;-0.324767045443498;-0.105441998815521;-0.056969433586234;0.049531349950588;0.027080448881489;0
instance-156.csv;-1.21128723589096;1.81340398324502;531.258214677232;2.80086842674198;2.80086842674198;903.418106713833;2.52540039916203;2.13457956925273;730.704444270299;117793.586876086;228788.802865644;787229.392333067;212.622427846568;350.250947606986;883.700018193941;-48;75;651470;0.002611246735942;0.010374987031266;0.863715170356037;0.020374974531282;13.5936285092031;12.8297583361594;13.4471384990952;0.244861087068299;0.694933640849813;0.344189352277156;0.052461073048366;0.060746681729522;0.05622263695712;0
instance-157.csv;-2.93237383453271;3.57472803158996;521.780715274106;4.67960175940851;4.67960175940851;907.318035149461;3.64689680704118;3.0199324705735;742.274142130467;27925.5551616822;58300.4239241434;778304.138684617;72.2292386483836;126.039456439691;876.174925760568;-23;180;659885;0.002671246660942;0.058249927187591;0.826125217343478;0.007999990000013;13.7263827010177;12.3747383896224;13.2645925286779;0.228583623787027;1.16588425002116;0.533857518973548;0.049376096664135;0.067600060104347;0.05708174170866;0
instance-158.csv;-2.22849971437536;3.63079796150255;716.669646662942;4.77075455770638;4.77075455770638;1039.49701196057;4.21828022692959;3.09473831084716;752.953289007338;15970.7078489016;54224.5903623249;772677.192389614;47.5057470415889;119.303483979874;871.419730088868;-17;393;668354;0.001767497790628;0.001624997968753;12.9193351008311;22.9968462539422;14.5370863542711;16.0121883108386;15.5905152225306;-0.078598138890662;-0.525079958371249;-0.438925447113681;0.04316000128034;0.033513644434208;0.035933436223986;0
instance-159.csv;-1.20884598894251;4.31207210990986;553.979677525403;5.57727743773523;5.57727743773523;944.669261018101;5.44469604224956;3.53723871634471;765.183984151089;5884.32927472741;32526.5267090395;762888.30610835;22.4693108842099;81.5764478292633;863.127697579607;-39;130;676877;0.004992493759383;0.160499799375251;1.94406131992335;2.15262230922211;13.8979683367544;13.068603643088;13.7470192539267;0.310874999698921;0.804050483036819;0.390233087170658;0.046571369058124;0.06154273861647;0.059266211380257;0
instance-160.csv;-1.22329222088472;1.97537378078277;519.052812433985;3.00574657229438;3.00574657229438;929.118930832466;2.74555433367878;2.26548248350222;770.614148284105;93340.7444688777;199559.940456364;780112.726219375;178.580010546877;316.273294261143;877.718041883862;-62;53;685454;0.002636246704692;0.010499986875016;0.97276878403902;0.029499963125046;13.3450490380046;12.6124425720232;13.4502943307698;0.620087678755135;1.12250403914494;0.534191302057161;0.05825111202799;0.066354731817244;0.056202624186063;0
instance-161.csv;-1.44651319185851;3.95291005886243;729.006341242073;5.42591934138807;5.42591934138807;1176.06506575368;5.22955067716419;3.71686733228311;922.864450130704;7299.65335159989;28169.8446301121;398547.258970097;26.2832268976154;76.2427981984345;538.218616822855;-205;13;694085;0.043111196111005;0.349499563125546;26.8913888857639;21.2604734244082;15.6851230389162;15.1505288022698;15.8270521980677;0.616029787262416;-0.104181200318405;0.534607631990692;0.0351417509205;0.042228768595313;0.034717359932428;0
instance-162.csv;-1.21261473423158;1.73385158268552;601.035727455341;2.75407593737576;2.75407593737576;996.678058886022;2.47275145842776;2.13978806381639;795.061763253043;149108.16198732;263763.905676874;760450.250172313;253.743650556046;389.527315269677;861.057574746287;-42;30;702770;0.002256247179691;0.006749991562511;3.20346849566438;5.84349269563413;14.4246522182355;13.5906533192902;14.3968386946009;0.1462818586388;0.585270939738553;0.164864975758629;0.03824944745072;0.0565374937663;0.04546219329575;0
instance-163.csv;-2.14717981602523;3.20753599058001;643.310293362133;4.32385466110403;4.32385466110403;1028.51988898176;3.75304382708288;2.89955720748617;802.499238931336;28875.4571722799;79867.8094284095;769626.591718474;74.1055331761439;159.449026629999;868.885536916266;-50;69;711509;0.003524995593756;0.017249978437527;4.5190956011305;7.72661534173082;14.0193452978702;14.7842255016802;14.9155884839993;0.370291543078329;0.020957342488426;-0.038985795705104;0.053653177083615;0.044882047129523;0.041473580100426;0
instance-164.csv;-2.20359099551126;3.15624730469087;689.628714214107;4.26950564634267;4.26950564634267;1064.34967726352;3.65689283253606;2.87520110875458;810.711090353618;32833.4156620128;84676.7835033606;775957.292071633;81.518971653292;166.436501249308;874.192975552534;-16;393;720302;0.00182124772344;0.000374999531251;9.24002219997225;16.2339797075254;14.381699515762;15.2744626478624;15.6082652420381;0.204819539359697;-0.130858560274605;-0.267482349397589;0.049069186491529;0.042266675146124;0.039314472689453;0
instance-165.csv;-2.17472228159715;2.97301878372652;656.613309233364;4.04747446223421;4.04747446223421;1054.9377694622;3.41359524846795;2.74649027561493;825.683147203266;44309.2398068011;104276.002409837;757454.55834094;102.157325589787;194.573814420307;858.664743286322;-71;46;729149;0.002771246535942;0.005999992500009;7.99283500895624;13.0281087148641;14.1774605841338;14.9274580021305;15.0663855778967;0.411460849554906;0.049733877489384;-0.02147884212126;0.049224449023235;0.045604673369043;0.046319631596805;0
instance-166.csv;-1.45349693312883;4.23412845733943;725.067122416097;7.62984655689758;7.62984655689758;1420.43158099181;7.4901205028482;6.34718163349296;1221.43503481362;2161.03788080726;4099.27685751124;166214.604601433;7.94663459898612;29.9519912432199;285.297262417011;-276;6;738050;0.298294627131716;1.62187297265878;63.8163377295778;12.1203598495502;15.9413395786335;14.6649022512413;15.9021596189855;3.76051808452633;0.46947657440232;2.3350950604952;0.28623368202224;-0.005742674544063;0.028296986503755;0
instance-167.csv;-1.19947725065344;1.70926911341361;512.9466400667;2.75476573669744;2.75476573669744;982.215236982346;2.47991705289654;2.16035491575167;837.635073408802;166508.008849169;286885.456622547;788477.234240562;275.627880445652;414.764950705689;884.749977960144;-24;121;747005;0.001966247542191;0.002499996875004;0.949978812526484;0.007624990468762;13.2264453015924;12.6752939018066;13.2774747698688;1.05342741905222;1.53868532727843;1.03728670002938;0.074819883491121;0.075868464893052;0.065261028017861;0
